{"cameraMode":{"drawMode":0,"name":"Shaded","section":"Shading Mode"},"sceneLighting":false,"audioPlay":false,"sceneViewState":{"showFog":true,"showMaterialUpdate":true,"showSkybox":true,"showFlares":true,"showImageEffects":true,"showParticleSystems":true},"in2DMode":false,"pivot":{"x":20.88448143005371,"y":-42.76432418823242,"z":14.0709228515625},"rotation":{"x":-0.5517063140869141,"y":0.0004890611162409186,"z":-0.0003250932495575398,"w":-0.834038257598877},"size":97.99378204345703,"orthographic":false}