{"cameraMode":{"drawMode":0,"name":"Shaded","section":"Shading Mode"},"sceneLighting":false,"audioPlay":false,"sceneViewState":{"showFog":true,"showMaterialUpdate":true,"showSkybox":true,"showFlares":true,"showImageEffects":true,"showParticleSystems":true},"in2DMode":false,"pivot":{"x":13.755002975463868,"y":11.763229370117188,"z":11.685982704162598},"rotation":{"x":0.7028853893280029,"y":0.0001813858689274639,"z":-0.0001774807315086946,"w":0.7113030552864075},"size":58.40096664428711,"orthographic":false}