{"cameraMode":{"drawMode":0,"name":"Shaded","section":"Shading Mode"},"sceneLighting":false,"audioPlay":false,"sceneViewState":{"showFog":true,"showMaterialUpdate":true,"showSkybox":true,"showFlares":true,"showImageEffects":true,"showParticleSystems":true},"in2DMode":false,"pivot":{"x":397.77911376953127,"y":616.7164306640625,"z":-293.1080017089844},"rotation":{"x":0.1870061308145523,"y":-0.1372302919626236,"z":0.026389647275209428,"w":0.9723683595657349},"size":360.1576232910156,"orthographic":false}