{"cameraMode":{"drawMode":0,"name":"Shaded","section":"Shading Mode"},"sceneLighting":false,"audioPlay":false,"sceneViewState":{"showFog":true,"showMaterialUpdate":true,"showSkybox":true,"showFlares":true,"showImageEffects":true,"showParticleSystems":true},"in2DMode":false,"pivot":{"x":15.51923656463623,"y":10.820291519165039,"z":1.7913122177124024},"rotation":{"x":0.2883535325527191,"y":-0.12232867628335953,"z":0.037169087678194049,"w":0.9489502310752869},"size":18.161914825439454,"orthographic":false}