{"cameraMode":{"drawMode":0,"name":"Shaded","section":"Shading Mode"},"sceneLighting":false,"audioPlay":false,"sceneViewState":{"showFog":true,"showMaterialUpdate":true,"showSkybox":true,"showFlares":true,"showImageEffects":true,"showParticleSystems":true},"in2DMode":false,"pivot":{"x":-0.25260186195373537,"y":42.2093391418457,"z":71.0187759399414},"rotation":{"x":0.045636337250471118,"y":-0.9512373805046082,"z":0.17255909740924836,"w":0.2515714466571808},"size":10.725000381469727,"orthographic":false}