{"cameraMode":{"drawMode":0,"name":"Shaded","section":"Shading Mode"},"sceneLighting":false,"audioPlay":false,"sceneViewState":{"showFog":true,"showMaterialUpdate":true,"showSkybox":true,"showFlares":true,"showImageEffects":true,"showParticleSystems":true},"in2DMode":false,"pivot":{"x":29.024002075195314,"y":11.976353645324707,"z":7.731969833374023},"rotation":{"x":-0.11685260385274887,"y":0.876099169254303,"z":-0.26615092158317568,"w":-0.3846549391746521},"size":4.041658401489258,"orthographic":false}