{"cameraMode":{"drawMode":0,"name":"Shaded","section":"Shading Mode"},"sceneLighting":false,"audioPlay":false,"sceneViewState":{"showFog":true,"showMaterialUpdate":true,"showSkybox":true,"showFlares":true,"showImageEffects":true,"showParticleSystems":true},"in2DMode":false,"pivot":{"x":-636.7322387695313,"y":320.44598388671877,"z":-223.2919158935547},"rotation":{"x":-0.3102167248725891,"y":-0.5183494687080383,"z":0.20910286903381349,"w":-0.7689964175224304},"size":4.86135721206665,"orthographic":false}