{"cameraMode":{"drawMode":0,"name":"Shaded","section":"Shading Mode"},"sceneLighting":false,"audioPlay":false,"sceneViewState":{"showFog":true,"showMaterialUpdate":true,"showSkybox":true,"showFlares":true,"showImageEffects":true,"showParticleSystems":true},"in2DMode":false,"pivot":{"x":2.64054012298584,"y":31.31884002685547,"z":-22.75959587097168},"rotation":{"x":0.23209047317504884,"y":0.13305915892124177,"z":-0.032069459557533267,"w":0.9630165696144104},"size":18.161914825439454,"orthographic":false}