{"cameraMode":{"drawMode":0,"name":"Shaded","section":"Shading Mode"},"sceneLighting":false,"audioPlay":false,"sceneViewState":{"showFog":true,"showMaterialUpdate":true,"showSkybox":true,"showFlares":true,"showImageEffects":true,"showParticleSystems":true},"in2DMode":false,"pivot":{"x":28.692567825317384,"y":51.22457504272461,"z":-37.984642028808597},"rotation":{"x":0.2980269193649292,"y":-0.15685957670211793,"z":0.049719762057065967,"w":0.9402675628662109},"size":4.041658401489258,"orthographic":false}