{"cameraMode":{"drawMode":0,"name":"Shaded","section":"Shading Mode"},"sceneLighting":false,"audioPlay":false,"sceneViewState":{"showFog":true,"showMaterialUpdate":true,"showSkybox":true,"showFlares":true,"showImageEffects":true,"showParticleSystems":true},"in2DMode":false,"pivot":{"x":19.525508880615236,"y":4.7822723388671879,"z":0.6396465301513672},"rotation":{"x":-0.4343391954898834,"y":0.20797213912010194,"z":-0.10380125790834427,"w":-0.870242714881897},"size":9.174468040466309,"orthographic":false}