{"cameraMode":{"drawMode":0,"name":"Shaded","section":"Shading Mode"},"sceneLighting":false,"audioPlay":false,"sceneViewState":{"showFog":true,"showMaterialUpdate":true,"showSkybox":true,"showFlares":true,"showImageEffects":true,"showParticleSystems":true},"in2DMode":false,"pivot":{"x":20.64712905883789,"y":55.22294616699219,"z":-4.756991386413574},"rotation":{"x":0.6054894924163818,"y":-0.00954065565019846,"z":0.007261145859956741,"w":0.7957630753517151},"size":4.041658401489258,"orthographic":false}