{"cameraMode":{"drawMode":0,"name":"Shaded","section":"Shading Mode"},"sceneLighting":false,"audioPlay":false,"sceneViewState":{"showFog":true,"showMaterialUpdate":true,"showSkybox":true,"showFlares":true,"showImageEffects":true,"showParticleSystems":true},"in2DMode":false,"pivot":{"x":15.301447868347168,"y":7.252943992614746,"z":-3.2294118404388429},"rotation":{"x":0.2522498071193695,"y":-0.3921511471271515,"z":0.1127409040927887,"w":0.8774263858795166},"size":4.86135721206665,"orthographic":false}