{"cameraMode":{"drawMode":0,"name":"Shaded","section":"Shading Mode"},"sceneLighting":false,"audioPlay":false,"sceneViewState":{"showFog":true,"showMaterialUpdate":true,"showSkybox":true,"showFlares":true,"showImageEffects":true,"showParticleSystems":true},"in2DMode":false,"pivot":{"x":16.00066566467285,"y":18.313796997070314,"z":5.433761119842529},"rotation":{"x":-0.6066309809684753,"y":0.013577254489064217,"z":-0.010365786030888558,"w":-0.7948001027107239},"size":33.71367645263672,"orthographic":false}