{"cameraMode":{"drawMode":0,"name":"Shaded","section":"Shading Mode"},"sceneLighting":false,"audioPlay":false,"sceneViewState":{"showFog":true,"showMaterialUpdate":true,"showSkybox":true,"showFlares":true,"showImageEffects":true,"showParticleSystems":true},"in2DMode":false,"pivot":{"x":25.408733367919923,"y":46.523963928222659,"z":-33.46034622192383},"rotation":{"x":0.47450780868530276,"y":0.016542676836252214,"z":-0.00892252940684557,"w":0.8800505995750427},"size":8.806870460510254,"orthographic":false}