{"cameraMode":{"drawMode":0,"name":"Shaded","section":"Shading Mode"},"sceneLighting":false,"audioPlay":false,"sceneViewState":{"showFog":true,"showMaterialUpdate":true,"showSkybox":true,"showFlares":true,"showImageEffects":true,"showParticleSystems":true},"in2DMode":false,"pivot":{"x":647.0061645507813,"y":548.4093017578125,"z":-7.064998626708984},"rotation":{"x":0.11689368635416031,"y":-0.7181235551834106,"z":-0.12442830950021744,"w":-0.6746495366096497},"size":268.6005859375,"orthographic":false}