{"cameraMode":{"drawMode":0,"name":"Shaded","section":"Shading Mode"},"sceneLighting":false,"audioPlay":false,"sceneViewState":{"showFog":true,"showMaterialUpdate":true,"showSkybox":true,"showFlares":true,"showImageEffects":true,"showParticleSystems":true},"in2DMode":false,"pivot":{"x":9.71249771118164,"y":-13.478347778320313,"z":9.393795013427735},"rotation":{"x":0.516250491142273,"y":-0.0054670581594109539,"z":0.003293347777798772,"w":0.8564139008522034},"size":75.1007308959961,"orthographic":false}