{"cameraMode":{"drawMode":0,"name":"Shaded","section":"Shading Mode"},"sceneLighting":false,"audioPlay":false,"sceneViewState":{"showFog":true,"showMaterialUpdate":true,"showSkybox":true,"showFlares":true,"showImageEffects":true,"showParticleSystems":true},"in2DMode":false,"pivot":{"x":-29.36745262145996,"y":3.6051487922668459,"z":35.677520751953128},"rotation":{"x":0.06177354231476784,"y":0.548736035823822,"z":0.04070655629038811,"w":-0.8327159285545349},"size":51.6120491027832,"orthographic":false}