{"cameraMode":{"drawMode":0,"name":"Shaded","section":"Shading Mode"},"sceneLighting":false,"audioPlay":false,"sceneViewState":{"showFog":true,"showMaterialUpdate":true,"showSkybox":true,"showFlares":true,"showImageEffects":true,"showParticleSystems":true},"in2DMode":false,"pivot":{"x":14.116689682006836,"y":3.9150238037109377,"z":7.556097984313965},"rotation":{"x":0.09340337663888931,"y":-0.7107455730438232,"z":0.09613555669784546,"w":0.6905609965324402},"size":4.041658401489258,"orthographic":false}