{"cameraMode":{"drawMode":0,"name":"Shaded","section":"Shading Mode"},"sceneLighting":false,"audioPlay":false,"sceneViewState":{"showFog":true,"showMaterialUpdate":true,"showSkybox":true,"showFlares":true,"showImageEffects":true,"showParticleSystems":true},"in2DMode":false,"pivot":{"x":4.506180763244629,"y":13.978103637695313,"z":28.95709991455078},"rotation":{"x":0.13250689208507539,"y":0.8382551670074463,"z":-0.23421110212802888,"w":0.4742525517940521},"size":0.7318600416183472,"orthographic":false}