{"cameraMode":{"drawMode":0,"name":"Shaded","section":"Shading Mode"},"sceneLighting":false,"audioPlay":false,"sceneViewState":{"showFog":true,"showMaterialUpdate":true,"showSkybox":true,"showFlares":true,"showImageEffects":true,"showParticleSystems":true},"in2DMode":false,"pivot":{"x":372.84454345703127,"y":341.31103515625,"z":-32.278953552246097},"rotation":{"x":0.2777346670627594,"y":0.01692270115017891,"z":-0.004895529709756374,"w":0.9604963064193726},"size":105.70083618164063,"orthographic":false}