{"cameraMode":{"drawMode":0,"name":"Shaded","section":"Shading Mode"},"sceneLighting":false,"audioPlay":false,"sceneViewState":{"showFog":true,"showMaterialUpdate":true,"showSkybox":true,"showFlares":true,"showImageEffects":true,"showParticleSystems":true},"in2DMode":false,"pivot":{"x":2.267300605773926,"y":37.226539611816409,"z":-23.989126205444337},"rotation":{"x":0.2787158787250519,"y":0.14839351177215577,"z":-0.04363758862018585,"w":0.9478357434272766},"size":2.8578836917877199,"orthographic":false}