{"cameraMode":{"drawMode":0,"name":"Shaded","section":"Shading Mode"},"sceneLighting":false,"audioPlay":false,"sceneViewState":{"showFog":true,"showMaterialUpdate":true,"showSkybox":true,"showFlares":true,"showImageEffects":true,"showParticleSystems":true},"in2DMode":false,"pivot":{"x":4.39968204498291,"y":14.024109840393067,"z":28.789939880371095},"rotation":{"x":0.08260198682546616,"y":0.9097305536270142,"z":-0.219211146235466,"w":0.34280288219451907},"size":0.7318600416183472,"orthographic":false}