{"cameraMode":{"drawMode":0,"name":"Shaded","section":"Shading Mode"},"sceneLighting":false,"audioPlay":false,"sceneViewState":{"showFog":true,"showMaterialUpdate":true,"showSkybox":true,"showFlares":true,"showImageEffects":true,"showParticleSystems":true},"in2DMode":false,"pivot":{"x":16.07349967956543,"y":39.80803680419922,"z":0.04407420754432678},"rotation":{"x":-0.7134622931480408,"y":0.0004066262627020478,"z":-0.0004173913039267063,"w":-0.7006934881210327},"size":16.273719787597658,"orthographic":false}