{"cameraMode":{"drawMode":0,"name":"Shaded","section":"Shading Mode"},"sceneLighting":false,"audioPlay":false,"sceneViewState":{"showFog":true,"showMaterialUpdate":true,"showSkybox":true,"showFlares":true,"showImageEffects":true,"showParticleSystems":true},"in2DMode":false,"pivot":{"x":24.95121955871582,"y":44.621490478515628,"z":-7.620447635650635},"rotation":{"x":0.3221970200538635,"y":-0.6113690733909607,"z":0.2994394302368164,"w":0.6578395962715149},"size":4.86133337020874,"orthographic":false}