{"cameraMode":{"drawMode":0,"name":"Shaded","section":"Shading Mode"},"sceneLighting":false,"audioPlay":false,"sceneViewState":{"showFog":false,"showMaterialUpdate":false,"showSkybox":false,"showFlares":false,"showImageEffects":false,"showParticleSystems":false},"in2DMode":false,"pivot":{"x":-39.13300704956055,"y":158.2257537841797,"z":164.38870239257813},"rotation":{"x":-0.21569713950157166,"y":-0.7775019407272339,"z":0.4718479812145233,"w":-0.3554222881793976},"size":2.736215591430664,"orthographic":false}