{"cameraMode":{"drawMode":0,"name":"Shaded","section":"Shading Mode"},"sceneLighting":false,"audioPlay":false,"sceneViewState":{"showFog":true,"showMaterialUpdate":true,"showSkybox":true,"showFlares":true,"showImageEffects":true,"showParticleSystems":true},"in2DMode":false,"pivot":{"x":2.6134543418884279,"y":15.918551445007325,"z":29.917394638061525},"rotation":{"x":0.18031488358974458,"y":0.8102597594261169,"z":-0.3198321461677551,"w":0.4568074941635132},"size":0.4318600296974182,"orthographic":false}