{"cameraMode":{"drawMode":0,"name":"Shaded","section":"Shading Mode"},"sceneLighting":false,"audioPlay":false,"sceneViewState":{"showFog":true,"showMaterialUpdate":true,"showSkybox":true,"showFlares":true,"showImageEffects":true,"showParticleSystems":true},"in2DMode":false,"pivot":{"x":383.43988037109377,"y":306.642578125,"z":93.5135498046875},"rotation":{"x":0.12346966564655304,"y":-0.0493985153734684,"z":0.006155946757644415,"w":0.9910989999771118},"size":268.6005554199219,"orthographic":false}