{"cameraMode":{"drawMode":0,"name":"Shaded","section":"Shading Mode"},"sceneLighting":false,"audioPlay":false,"sceneViewState":{"showFog":true,"showMaterialUpdate":true,"showSkybox":true,"showFlares":true,"showImageEffects":true,"showParticleSystems":true},"in2DMode":false,"pivot":{"x":19.00010108947754,"y":-8.863533020019532,"z":25.31300926208496},"rotation":{"x":-0.2338392436504364,"y":-0.05627495422959328,"z":0.013556630350649357,"w":-0.9705506563186646},"size":33.71367645263672,"orthographic":false}