{"cameraMode":{"drawMode":0,"name":"Shaded","section":"Shading Mode"},"sceneLighting":false,"audioPlay":false,"sceneViewState":{"showFog":true,"showMaterialUpdate":true,"showSkybox":true,"showFlares":true,"showImageEffects":true,"showParticleSystems":true},"in2DMode":false,"pivot":{"x":414.6515197753906,"y":308.2061462402344,"z":95.14054107666016},"rotation":{"x":0.12063923478126526,"y":0.010124378837645054,"z":-0.0012284991098567844,"w":0.9926440715789795},"size":268.6005554199219,"orthographic":false}