{"cameraMode":{"drawMode":0,"name":"Shaded","section":"Shading Mode"},"sceneLighting":false,"audioPlay":false,"sceneViewState":{"showFog":true,"showMaterialUpdate":true,"showSkybox":true,"showFlares":true,"showImageEffects":true,"showParticleSystems":true},"in2DMode":false,"pivot":{"x":352.484130859375,"y":199.6544189453125,"z":89.7710189819336},"rotation":{"x":-0.39152997732162478,"y":0.050475236028432849,"z":-0.02151687629520893,"w":-0.9185279607772827},"size":268.6005554199219,"orthographic":false}