{"cameraMode":{"drawMode":0,"name":"Shaded","section":"Shading Mode"},"sceneLighting":false,"audioPlay":false,"sceneViewState":{"showFog":true,"showMaterialUpdate":true,"showSkybox":true,"showFlares":true,"showImageEffects":true,"showParticleSystems":true},"in2DMode":false,"pivot":{"x":357.4310607910156,"y":496.9541931152344,"z":-157.0013427734375},"rotation":{"x":0.3510679006576538,"y":-0.1028921902179718,"z":0.03884447365999222,"w":0.9298686385154724},"size":360.1576232910156,"orthographic":false}